project_code,tower_code,unit_no,floor_no,unit_kind,category_code,facing_code,area_sqft,rooms,listing_status,serial_no
FM01,A,A101,1,RESIDENTIAL,GOLD,NAVY_MERCHANT,1256,4,AVAILABLE,1
FM01,B,B11256,1,RESIDENTIAL,GOLD,NAVY_MERCHANT,1256,4,AVAILABLE,
FM01,C,B101,1,RESIDENTIAL,PLATINUM,,1745,5,AVAILABLE,2
FM01,D,D1878,1,RESIDENTIAL,SILVER,EAST_OPEN,878,3,AVAILABLE,
FM01,E,C101,1,RESIDENTIAL,GOLD,EAST_OPEN,1256,4,AVAILABLE,3
FM01,F,F11256,1,RESIDENTIAL,GOLD,HIGHWAY,1256,4,AVAILABLE,
FM01,G,D101,1,RESIDENTIAL,SILVER,HIGHWAY,878,3,AVAILABLE,4
FM01,H,H11745,1,RESIDENTIAL,PLATINUM,PARK,1745,5,AVAILABLE,
FM01,A,E101,1,RESIDENTIAL,GOLD,WEST_OPEN,1256,4,AVAILABLE,5
FM01,C,F101,1,RESIDENTIAL,PLATINUM,NAVY_MERCHANT,1745,5,AVAILABLE,6
FM01,E,G101,1,RESIDENTIAL,GOLD,EAST_OPEN,1256,4,AVAILABLE,7
FM01,G,H101,1,RESIDENTIAL,SILVER,HIGHWAY,878,3,AVAILABLE,8
FM01,A,A102,1,RESIDENTIAL,GOLD,WEST_OPEN,1256,4,AVAILABLE,9
FM01,C,B102,1,RESIDENTIAL,PLATINUM,NAVY_MERCHANT,1745,5,AVAILABLE,10
FM01,E,C102,1,RESIDENTIAL,GOLD,EAST_OPEN,1256,4,AVAILABLE,11
FM01,G,D102,1,RESIDENTIAL,SILVER,HIGHWAY,878,3,AVAILABLE,12
FM01,A,E102,1,RESIDENTIAL,GOLD,WEST_OPEN,1256,4,AVAILABLE,13
FM01,C,F102,1,RESIDENTIAL,PLATINUM,NAVY_MERCHANT,1745,5,AVAILABLE,14
FM01,D,G102,1,RESIDENTIAL,SILVER,,878,3,AVAILABLE,15
FM01,E,E11256,1,RESIDENTIAL,GOLD,WEST_OPEN,1256,4,AVAILABLE,
FM01,F,H102,1,RESIDENTIAL,GOLD,PARK,1256,4,AVAILABLE,16
FM01,G,G1878,1,RESIDENTIAL,SILVER,HIGHWAY,878,3,AVAILABLE,
FM01,H,A103,1,RESIDENTIAL,PLATINUM,HIGHWAY,1745,5,AVAILABLE,17
FM01,A,A11256,1,RESIDENTIAL,GOLD,EAST_OPEN,1256,4,AVAILABLE,
FM01,B,B103,1,RESIDENTIAL,GOLD,PARK,1256,4,AVAILABLE,18
FM01,C,C11745,1,RESIDENTIAL,PLATINUM,,1745,5,AVAILABLE,
FM01,E,D103,1,RESIDENTIAL,GOLD,PARK,1256,4,AVAILABLE,20
FM01,G,E103,1,RESIDENTIAL,SILVER,WEST_OPEN,878,3,AVAILABLE,21
FM01,A,F103,1,RESIDENTIAL,GOLD,EAST_OPEN,1256,4,AVAILABLE,22
FM01,C,G103,1,RESIDENTIAL,PLATINUM,EAST_OPEN,1745,5,AVAILABLE,23
FM01,D,H103,1,RESIDENTIAL,SILVER,,878,3,AVAILABLE,24
FM01,F,A104,1,RESIDENTIAL,GOLD,WEST_OPEN,1256,4,AVAILABLE,25
FM01,H,B104,1,RESIDENTIAL,PLATINUM,,1745,5,AVAILABLE,26
FM01,B,C104,1,RESIDENTIAL,GOLD,PARK,1256,4,AVAILABLE,27
FM01,E,E107,1,RESIDENTIAL,GOLD,EAST_OPEN,1256,4,AVAILABLE,52
FM01,G,F107,1,RESIDENTIAL,SILVER,WEST_OPEN,878,3,AVAILABLE,53
FM01,B,G107,1,RESIDENTIAL,GOLD,,1256,4,AVAILABLE,54
FM01,E,A108,1,RESIDENTIAL,GOLD,WEST_OPEN,1256,4,AVAILABLE,55
FM01,G,B108,1,RESIDENTIAL,SILVER,EAST_OPEN,878,3,AVAILABLE,56
FM01,G,D108,1,RESIDENTIAL,SILVER,WEST_OPEN,878,3,AVAILABLE,57
FM01,G,E108,1,RESIDENTIAL,SILVER,WEST_OPEN,878,3,AVAILABLE,58
FM01,G,F108,1,RESIDENTIAL,SILVER,WEST_OPEN,878,3,AVAILABLE,59
FM01,G,G108,1,RESIDENTIAL,SILVER,WEST_OPEN,878,3,AVAILABLE,60
FM01,A,A21256,2,RESIDENTIAL,GOLD,WEST_OPEN,1256,4,AVAILABLE,
FM01,B,D109,2,RESIDENTIAL,GOLD,NAVY_MERCHANT,1256,4,AVAILABLE,61
FM01,C,C21745,2,RESIDENTIAL,PLATINUM,NAVY_MERCHANT,1745,5,AVAILABLE,
FM01,D,G109,2,RESIDENTIAL,SILVER,EAST_OPEN,878,3,AVAILABLE,62
FM01,E,E21256,2,RESIDENTIAL,GOLD,EAST_OPEN,1256,4,AVAILABLE,
FM01,F,D110,2,RESIDENTIAL,GOLD,HIGHWAY,1256,4,AVAILABLE,63
FM01,G,G2878,2,RESIDENTIAL,SILVER,HIGHWAY,878,3,AVAILABLE,
FM01,H,G110,2,RESIDENTIAL,PLATINUM,PARK,1745,5,AVAILABLE,64
FM01,B,D111,2,RESIDENTIAL,GOLD,NAVY_MERCHANT,1256,4,AVAILABLE,65
FM01,D,G111,2,RESIDENTIAL,SILVER,EAST_OPEN,878,3,AVAILABLE,66
FM01,F,D112,2,RESIDENTIAL,GOLD,HIGHWAY,1256,4,AVAILABLE,67
FM01,H,G112,2,RESIDENTIAL,PLATINUM,PARK,1745,5,AVAILABLE,68
FM01,B,A201,2,RESIDENTIAL,GOLD,NAVY_MERCHANT,1256,4,AVAILABLE,69
FM01,D,B201,2,RESIDENTIAL,SILVER,EAST_OPEN,878,3,AVAILABLE,70
FM01,F,C201,2,RESIDENTIAL,GOLD,HIGHWAY,1256,4,AVAILABLE,71
FM01,H,D201,2,RESIDENTIAL,PLATINUM,PARK,1745,5,AVAILABLE,72
FM01,B,E201,2,RESIDENTIAL,GOLD,NAVY_MERCHANT,1256,4,AVAILABLE,73
FM01,D,D2878,2,RESIDENTIAL,SILVER,,878,3,AVAILABLE,
FM01,E,G201,2,RESIDENTIAL,GOLD,WEST_OPEN,1256,4,AVAILABLE,75
FM01,F,F21256,2,RESIDENTIAL,GOLD,PARK,1256,4,AVAILABLE,
FM01,G,H201,2,RESIDENTIAL,SILVER,HIGHWAY,878,3,AVAILABLE,76
FM01,H,H21745,2,RESIDENTIAL,PLATINUM,HIGHWAY,1745,5,AVAILABLE,
FM01,A,A202,2,RESIDENTIAL,GOLD,EAST_OPEN,1256,4,AVAILABLE,77
FM01,B,B21256,2,RESIDENTIAL,GOLD,PARK,1256,4,AVAILABLE,
FM01,C,B202,2,RESIDENTIAL,PLATINUM,,1745,5,AVAILABLE,78
FM01,D,D205,2,RESIDENTIAL,SILVER,PARK,878,3,AVAILABLE,104
FM01,F,E205,2,RESIDENTIAL,GOLD,EAST_OPEN,1256,4,AVAILABLE,105
FM01,H,F205,2,RESIDENTIAL,PLATINUM,PARK,1745,5,AVAILABLE,106
FM01,B,G205,2,RESIDENTIAL,GOLD,PARK,1256,4,AVAILABLE,107
FM01,E,A206,2,RESIDENTIAL,GOLD,WEST_OPEN,1256,4,AVAILABLE,109
FM01,G,B206,2,RESIDENTIAL,SILVER,EAST_OPEN,878,3,AVAILABLE,110
FM01,A,C206,2,RESIDENTIAL,GOLD,EAST_OPEN,1256,4,AVAILABLE,111
FM01,D,D206,2,RESIDENTIAL,SILVER,WEST_OPEN,878,3,AVAILABLE,112
FM01,F,E206,2,RESIDENTIAL,GOLD,PARK,1256,4,AVAILABLE,113
FM01,A,F206,2,RESIDENTIAL,GOLD,EAST_OPEN,1256,4,AVAILABLE,114
FM01,D,G206,2,RESIDENTIAL,SILVER,WEST_OPEN,878,3,AVAILABLE,115
FM01,F,H206,2,RESIDENTIAL,GOLD,,1256,4,AVAILABLE,116
FM01,D,A207,2,RESIDENTIAL,SILVER,WEST_OPEN,878,3,AVAILABLE,117
FM01,D,B207,2,RESIDENTIAL,SILVER,EAST_OPEN,878,3,AVAILABLE,118
FM01,D,D207,2,RESIDENTIAL,SILVER,WEST_OPEN,878,3,AVAILABLE,119
FM01,D,E207,2,RESIDENTIAL,SILVER,WEST_OPEN,878,3,AVAILABLE,120
FM01,A,F207,3,RESIDENTIAL,GOLD,WEST_OPEN,1256,4,AVAILABLE,121
FM01,B,B31256,3,RESIDENTIAL,GOLD,WEST_OPEN,1256,4,AVAILABLE,
FM01,C,G207,3,RESIDENTIAL,PLATINUM,WEST_OPEN,1745,5,AVAILABLE,122
FM01,D,D3878,3,RESIDENTIAL,SILVER,WEST_OPEN,878,3,AVAILABLE,
FM01,E,A208,3,RESIDENTIAL,GOLD,NAVY_MERCHANT,1256,4,AVAILABLE,123
FM01,F,F31256,3,RESIDENTIAL,GOLD,NAVY_MERCHANT,1256,4,AVAILABLE,
FM01,G,B208,3,RESIDENTIAL,SILVER,EAST_OPEN,878,3,AVAILABLE,124
FM01,H,H31745,3,RESIDENTIAL,PLATINUM,EAST_OPEN,1745,5,AVAILABLE,
FM01,A,D208,3,RESIDENTIAL,GOLD,HIGHWAY,1256,4,AVAILABLE,125
FM01,C,E208,3,RESIDENTIAL,PLATINUM,PARK,1745,5,AVAILABLE,126
FM01,E,F208,3,RESIDENTIAL,GOLD,NAVY_MERCHANT,1256,4,AVAILABLE,127
FM01,G,G208,3,RESIDENTIAL,SILVER,EAST_OPEN,878,3,AVAILABLE,128
FM01,A,D209,3,RESIDENTIAL,GOLD,HIGHWAY,1256,4,AVAILABLE,129
FM01,C,G209,3,RESIDENTIAL,PLATINUM,PARK,1745,5,AVAILABLE,130
FM01,D,D303,3,RESIDENTIAL,SILVER,EAST_OPEN,878,3,AVAILABLE,156
FM01,E,E31256,3,RESIDENTIAL,GOLD,HIGHWAY,1256,4,AVAILABLE,
FM01,F,E303,3,RESIDENTIAL,GOLD,HIGHWAY,1256,4,AVAILABLE,157
FM01,G,G3878,3,RESIDENTIAL,SILVER,,878,3,AVAILABLE,
FM01,H,F303,3,RESIDENTIAL,PLATINUM,PARK,1745,5,AVAILABLE,158
FM01,A,A31256,3,RESIDENTIAL,GOLD,WEST_OPEN,1256,4,AVAILABLE,
FM01,B,G303,3,RESIDENTIAL,GOLD,NAVY_MERCHANT,1256,4,AVAILABLE,159
FM01,C,C31745,3,RESIDENTIAL,PLATINUM,NAVY_MERCHANT,1745,5,AVAILABLE,
FM01,E,A304,3,RESIDENTIAL,GOLD,WEST_OPEN,1256,4,AVAILABLE,161
FM01,G,B304,3,RESIDENTIAL,SILVER,HIGHWAY,878,3,AVAILABLE,162
FM01,A,C304,3,RESIDENTIAL,GOLD,EAST_OPEN,1256,4,AVAILABLE,163
FM01,C,D304,3,RESIDENTIAL,PLATINUM,,1745,5,AVAILABLE,164
FM01,D,E304,3,RESIDENTIAL,SILVER,WEST_OPEN,878,3,AVAILABLE,165
FM01,F,F304,3,RESIDENTIAL,GOLD,,1256,4,AVAILABLE,166
FM01,H,G304,3,RESIDENTIAL,PLATINUM,PARK,1745,5,AVAILABLE,167
FM01,B,H304,3,RESIDENTIAL,GOLD,EAST_OPEN,1256,4,AVAILABLE,168
FM01,E,B305,3,RESIDENTIAL,GOLD,PARK,1256,4,AVAILABLE,170
FM01,G,C305,3,RESIDENTIAL,SILVER,PARK,878,3,AVAILABLE,171
FM01,A,D305,3,RESIDENTIAL,GOLD,WEST_OPEN,1256,4,AVAILABLE,172
FM01,D,E305,3,RESIDENTIAL,SILVER,EAST_OPEN,878,3,AVAILABLE,173
FM01,F,F305,3,RESIDENTIAL,GOLD,EAST_OPEN,1256,4,AVAILABLE,174
FM01,A,G305,3,RESIDENTIAL,GOLD,WEST_OPEN,1256,4,AVAILABLE,175
FM01,B,H305,3,RESIDENTIAL,GOLD,PARK,1256,4,AVAILABLE,176
FM01,E,A306,1,RESIDENTIAL,GOLD,EAST_OPEN,1256,4,AVAILABLE,177
FM01,G,B306,3,RESIDENTIAL,SILVER,WEST_OPEN,878,3,AVAILABLE,178
FM01,G,C306,3,RESIDENTIAL,SILVER,EAST_OPEN,878,3,AVAILABLE,179
FM01,G,D306,3,RESIDENTIAL,SILVER,PARK,878,3,AVAILABLE,180
FM01,G,E306,3,RESIDENTIAL,SILVER,HIGHWAY,878,3,AVAILABLE,181
FM01,G,F306,3,RESIDENTIAL,SILVER,WEST_OPEN,878,3,AVAILABLE,182
FM01,A,A41256,4,RESIDENTIAL,GOLD,WEST_OPEN,1256,4,AVAILABLE,
FM01,B,B401,4,RESIDENTIAL,GOLD,NAVY_MERCHANT,1256,4,AVAILABLE,207
FM01,C,C41745,4,RESIDENTIAL,PLATINUM,EAST_OPEN,1745,5,AVAILABLE,
FM01,E,E41256,4,RESIDENTIAL,SILVER,,1256,4,AVAILABLE,
FM01,F,D401,4,RESIDENTIAL,GOLD,HIGHWAY,1256,4,AVAILABLE,209
FM01,G,G4878,4,RESIDENTIAL,GOLD,HIGHWAY,878,3,AVAILABLE,
FM01,H,E401,4,RESIDENTIAL,SILVER,,1745,5,AVAILABLE,210
FM01,B,F401,4,RESIDENTIAL,GOLD,WEST_OPEN,1256,4,AVAILABLE,211
FM01,D,G401,4,RESIDENTIAL,PLATINUM,NAVY_MERCHANT,878,3,AVAILABLE,212
FM01,F,H401,4,RESIDENTIAL,GOLD,EAST_OPEN,1256,4,AVAILABLE,213
FM01,H,A402,4,RESIDENTIAL,SILVER,HIGHWAY,1745,5,AVAILABLE,214
FM01,B,B402,4,RESIDENTIAL,GOLD,WEST_OPEN,1256,4,AVAILABLE,215
FM01,D,C402,4,RESIDENTIAL,PLATINUM,NAVY_MERCHANT,878,3,AVAILABLE,216
FM01,F,D402,4,RESIDENTIAL,GOLD,EAST_OPEN,1256,4,AVAILABLE,217
FM01,H,E402,4,RESIDENTIAL,SILVER,HIGHWAY,1745,5,AVAILABLE,218
FM01,B,F402,4,RESIDENTIAL,GOLD,WEST_OPEN,1256,4,AVAILABLE,219
FM01,E,H402,4,RESIDENTIAL,SILVER,,1256,4,AVAILABLE,221
FM01,F,F41256,4,RESIDENTIAL,GOLD,WEST_OPEN,1256,4,AVAILABLE,
FM01,G,A403,4,RESIDENTIAL,GOLD,PARK,878,3,AVAILABLE,222
FM01,H,H41745,4,RESIDENTIAL,SILVER,HIGHWAY,1745,5,AVAILABLE,
FM01,A,B403,4,RESIDENTIAL,PLATINUM,HIGHWAY,1256,4,AVAILABLE,223
FM01,B,B41256,4,RESIDENTIAL,GOLD,EAST_OPEN,1256,4,AVAILABLE,
FM01,C,C403,4,RESIDENTIAL,GOLD,PARK,1745,5,AVAILABLE,224
FM01,F,E403,4,RESIDENTIAL,GOLD,PARK,1256,4,AVAILABLE,226
FM01,H,F403,4,RESIDENTIAL,SILVER,WEST_OPEN,1745,5,AVAILABLE,227
FM01,B,G403,4,RESIDENTIAL,GOLD,EAST_OPEN,1256,4,AVAILABLE,228
FM01,E,A404,4,RESIDENTIAL,SILVER,,1256,4,AVAILABLE,230
FM01,G,B404,4,RESIDENTIAL,GOLD,WEST_OPEN,878,3,AVAILABLE,231
FM01,A,C404,4,RESIDENTIAL,PLATINUM,,1256,4,AVAILABLE,232
FM01,D,D404,4,RESIDENTIAL,GOLD,PARK,878,3,AVAILABLE,233
FM01,F,F407,4,RESIDENTIAL,GOLD,EAST_OPEN,1256,4,AVAILABLE,258
FM01,A,G407,4,RESIDENTIAL,GOLD,WEST_OPEN,1256,4,AVAILABLE,259
FM01,D,A408,4,RESIDENTIAL,SILVER,PARK,878,3,AVAILABLE,260
FM01,F,B408,4,RESIDENTIAL,GOLD,EAST_OPEN,1256,4,AVAILABLE,261
FM01,D,D408,4,RESIDENTIAL,SILVER,WEST_OPEN,878,3,AVAILABLE,262
FM01,D,E408,4,RESIDENTIAL,SILVER,WEST_OPEN,878,3,AVAILABLE,263
FM01,D,F408,4,RESIDENTIAL,SILVER,WEST_OPEN,878,3,AVAILABLE,264
FM01,D,G408,4,RESIDENTIAL,SILVER,WEST_OPEN,878,3,AVAILABLE,265
FM01,A,D409,5,RESIDENTIAL,GOLD,WEST_OPEN,1256,4,AVAILABLE,266
FM01,B,B51256,5,RESIDENTIAL,GOLD,NAVY_MERCHANT,1256,4,AVAILABLE,
FM01,C,G409,5,RESIDENTIAL,PLATINUM,NAVY_MERCHANT,1745,5,AVAILABLE,267
FM01,D,D5878,5,RESIDENTIAL,SILVER,EAST_OPEN,878,3,AVAILABLE,
FM01,E,D410,5,RESIDENTIAL,GOLD,EAST_OPEN,1256,4,AVAILABLE,268
FM01,F,F51256,5,RESIDENTIAL,GOLD,HIGHWAY,1256,4,AVAILABLE,
FM01,G,G410,5,RESIDENTIAL,SILVER,HIGHWAY,878,3,AVAILABLE,269
FM01,H,H51745,5,RESIDENTIAL,PLATINUM,PARK,1745,5,AVAILABLE,
FM01,A,D411,5,RESIDENTIAL,GOLD,WEST_OPEN,1256,4,AVAILABLE,270
FM01,C,G411,5,RESIDENTIAL,PLATINUM,NAVY_MERCHANT,1745,5,AVAILABLE,271
FM01,E,D412,5,RESIDENTIAL,GOLD,EAST_OPEN,1256,4,AVAILABLE,272
FM01,G,G412,5,RESIDENTIAL,SILVER,HIGHWAY,878,3,AVAILABLE,273
FM01,A,A501,5,RESIDENTIAL,GOLD,WEST_OPEN,1256,4,AVAILABLE,274
FM01,C,B501,5,RESIDENTIAL,PLATINUM,NAVY_MERCHANT,1745,5,AVAILABLE,275
FM01,E,C501,5,RESIDENTIAL,GOLD,EAST_OPEN,1256,4,AVAILABLE,276
FM01,G,D501,5,RESIDENTIAL,SILVER,HIGHWAY,878,3,AVAILABLE,277
FM01,A,E501,5,RESIDENTIAL,GOLD,WEST_OPEN,1256,4,AVAILABLE,278
FM01,C,F501,5,RESIDENTIAL,PLATINUM,NAVY_MERCHANT,1745,5,AVAILABLE,279
FM01,D,G501,5,RESIDENTIAL,SILVER,,878,3,AVAILABLE,280
FM01,E,E51256,5,RESIDENTIAL,GOLD,WEST_OPEN,1256,4,AVAILABLE,
FM01,F,H501,5,RESIDENTIAL,GOLD,PARK,1256,4,AVAILABLE,281
FM01,G,G5878,5,RESIDENTIAL,SILVER,HIGHWAY,878,3,AVAILABLE,
FM01,H,A502,5,RESIDENTIAL,PLATINUM,HIGHWAY,1745,5,AVAILABLE,282
FM01,A,A51256,5,RESIDENTIAL,GOLD,EAST_OPEN,1256,4,AVAILABLE,
FM01,B,B502,5,RESIDENTIAL,GOLD,PARK,1256,4,AVAILABLE,283
FM01,C,C51745,5,RESIDENTIAL,PLATINUM,,1745,5,AVAILABLE,
FM01,E,E505,5,RESIDENTIAL,GOLD,EAST_OPEN,1256,4,AVAILABLE,310
FM01,G,F505,5,RESIDENTIAL,SILVER,EAST_OPEN,878,3,AVAILABLE,311
FM01,A,G505,5,RESIDENTIAL,GOLD,,1256,4,AVAILABLE,312
FM01,C,H505,5,RESIDENTIAL,PLATINUM,WEST_OPEN,1745,5,AVAILABLE,313
FM01,D,A506,5,RESIDENTIAL,SILVER,,878,3,AVAILABLE,314
FM01,F,B506,5,RESIDENTIAL,GOLD,PARK,1256,4,AVAILABLE,315
FM01,H,C506,5,RESIDENTIAL,PLATINUM,EAST_OPEN,1745,5,AVAILABLE,316
FM01,B,D506,5,RESIDENTIAL,GOLD,PARK,1256,4,AVAILABLE,317
FM01,E,E506,5,RESIDENTIAL,GOLD,,1256,4,AVAILABLE,318
FM01,G,F506,5,RESIDENTIAL,SILVER,WEST_OPEN,878,3,AVAILABLE,319
FM01,B,G506,5,RESIDENTIAL,GOLD,EAST_OPEN,1256,4,AVAILABLE,320
FM01,E,H506,5,RESIDENTIAL,GOLD,WEST_OPEN,1256,4,AVAILABLE,321
FM01,G,A507,5,RESIDENTIAL,SILVER,PARK,878,3,AVAILABLE,322
FM01,G,B507,5,RESIDENTIAL,SILVER,EAST_OPEN,878,3,AVAILABLE,323
FM01,G,D507,5,RESIDENTIAL,SILVER,WEST_OPEN,878,3,AVAILABLE,324
FM01,G,E507,5,RESIDENTIAL,SILVER,WEST_OPEN,878,3,AVAILABLE,325
FM01,G,F507,5,RESIDENTIAL,SILVER,WEST_OPEN,878,3,AVAILABLE,326
FM01,A,A61256,6,RESIDENTIAL,GOLD,WEST_OPEN,1256,4,AVAILABLE,
FM01,B,G507,6,RESIDENTIAL,GOLD,WEST_OPEN,1256,4,AVAILABLE,327
FM01,C,C61745,6,RESIDENTIAL,PLATINUM,WEST_OPEN,1745,5,AVAILABLE,
FM01,D,A508,6,RESIDENTIAL,SILVER,WEST_OPEN,878,3,AVAILABLE,328
FM01,E,E61256,6,RESIDENTIAL,GOLD,NAVY_MERCHANT,1256,4,AVAILABLE,
FM01,F,B508,6,RESIDENTIAL,GOLD,NAVY_MERCHANT,1256,4,AVAILABLE,329
FM01,G,G6878,6,RESIDENTIAL,SILVER,EAST_OPEN,878,3,AVAILABLE,
FM01,H,D508,6,RESIDENTIAL,PLATINUM,EAST_OPEN,1745,5,AVAILABLE,330
FM01,B,E508,6,RESIDENTIAL,GOLD,HIGHWAY,1256,4,AVAILABLE,331
FM01,D,F508,6,RESIDENTIAL,SILVER,WEST_OPEN,878,3,AVAILABLE,332
FM01,F,G508,6,RESIDENTIAL,GOLD,NAVY_MERCHANT,1256,4,AVAILABLE,333
FM01,H,D509,6,RESIDENTIAL,PLATINUM,EAST_OPEN,1745,5,AVAILABLE,334
FM01,B,G509,6,RESIDENTIAL,GOLD,HIGHWAY,1256,4,AVAILABLE,335
FM01,D,D510,6,RESIDENTIAL,SILVER,WEST_OPEN,878,3,AVAILABLE,336
FM01,E,E603,6,RESIDENTIAL,GOLD,HIGHWAY,1256,4,AVAILABLE,362
FM01,F,F61256,6,RESIDENTIAL,GOLD,HIGHWAY,1256,4,AVAILABLE,
FM01,G,F603,6,RESIDENTIAL,SILVER,,878,3,AVAILABLE,363
FM01,H,H61745,6,RESIDENTIAL,PLATINUM,PARK,1745,5,AVAILABLE,
FM01,A,G603,6,RESIDENTIAL,GOLD,WEST_OPEN,1256,4,AVAILABLE,364
FM01,B,B61256,6,RESIDENTIAL,GOLD,NAVY_MERCHANT,1256,4,AVAILABLE,
FM01,C,H603,6,RESIDENTIAL,PLATINUM,NAVY_MERCHANT,1745,5,AVAILABLE,365
FM01,D,A604,6,RESIDENTIAL,SILVER,,878,3,AVAILABLE,366
FM01,F,B604,6,RESIDENTIAL,GOLD,PARK,1256,4,AVAILABLE,367
FM01,H,C604,6,RESIDENTIAL,PLATINUM,HIGHWAY,1745,5,AVAILABLE,368
FM01,B,D604,6,RESIDENTIAL,GOLD,PARK,1256,4,AVAILABLE,369
FM01,D,D6878,6,RESIDENTIAL,SILVER,WEST_OPEN,878,3,AVAILABLE,
FM01,E,F604,6,RESIDENTIAL,GOLD,PARK,1256,4,AVAILABLE,371
FM01,G,G604,6,RESIDENTIAL,SILVER,WEST_OPEN,878,3,AVAILABLE,372
FM01,A,H604,6,RESIDENTIAL,GOLD,EAST_OPEN,1256,4,AVAILABLE,373
FM01,C,A605,6,RESIDENTIAL,PLATINUM,EAST_OPEN,1745,5,AVAILABLE,374
FM01,D,B605,6,RESIDENTIAL,SILVER,,878,3,AVAILABLE,375
FM01,F,C605,6,RESIDENTIAL,GOLD,WEST_OPEN,1256,4,AVAILABLE,376
FM01,H,D605,6,RESIDENTIAL,PLATINUM,,1745,5,AVAILABLE,377
FM01,B,E605,6,RESIDENTIAL,GOLD,PARK,1256,4,AVAILABLE,378
FM01,E,F605,6,RESIDENTIAL,GOLD,EAST_OPEN,1256,4,AVAILABLE,379
FM01,G,G605,6,RESIDENTIAL,SILVER,PARK,878,3,AVAILABLE,380
FM01,B,H605,6,RESIDENTIAL,GOLD,,1256,4,AVAILABLE,381
FM01,E,A606,6,RESIDENTIAL,GOLD,WEST_OPEN,1256,4,AVAILABLE,382
FM01,G,B606,6,RESIDENTIAL,SILVER,EAST_OPEN,878,3,AVAILABLE,383
FM01,G,C606,6,RESIDENTIAL,SILVER,WEST_OPEN,878,3,AVAILABLE,384
FM01,G,D606,6,RESIDENTIAL,SILVER,PARK,878,3,AVAILABLE,385
FM01,G,E606,6,RESIDENTIAL,SILVER,EAST_OPEN,878,3,AVAILABLE,386
FM01,G,F606,6,RESIDENTIAL,SILVER,WEST_OPEN,878,3,AVAILABLE,387
FM01,A,A71256,7,RESIDENTIAL,GOLD,WEST_OPEN,1256,4,AVAILABLE,
FM01,B,G606,6,RESIDENTIAL,GOLD,WEST_OPEN,1256,4,AVAILABLE,388
FM01,C,C71745,7,RESIDENTIAL,PLATINUM,WEST_OPEN,1745,5,AVAILABLE,
FM01,D,D701,7,RESIDENTIAL,SILVER,EAST_OPEN,878,3,AVAILABLE,413
FM01,E,E71256,7,RESIDENTIAL,GOLD,HIGHWAY,1256,4,AVAILABLE,
FM01,F,E701,7,RESIDENTIAL,GOLD,HIGHWAY,1256,4,AVAILABLE,414
FM01,G,G7878,7,RESIDENTIAL,SILVER,,878,3,AVAILABLE,
FM01,H,F701,7,RESIDENTIAL,PLATINUM,PARK,1745,5,AVAILABLE,415
FM01,B,G701,6,RESIDENTIAL,GOLD,NAVY_MERCHANT,1256,4,AVAILABLE,416
FM01,D,H701,7,RESIDENTIAL,SILVER,EAST_OPEN,878,3,AVAILABLE,417
FM01,F,A702,7,RESIDENTIAL,GOLD,HIGHWAY,1256,4,AVAILABLE,418
FM01,H,B702,7,RESIDENTIAL,PLATINUM,PARK,1745,5,AVAILABLE,419
FM01,B,C702,6,RESIDENTIAL,GOLD,NAVY_MERCHANT,1256,4,AVAILABLE,420
FM01,D,D702,7,RESIDENTIAL,SILVER,EAST_OPEN,878,3,AVAILABLE,421
FM01,F,E702,7,RESIDENTIAL,GOLD,HIGHWAY,1256,4,AVAILABLE,422
FM01,H,F702,7,RESIDENTIAL,PLATINUM,PARK,1745,5,AVAILABLE,423
FM01,B,G702,6,RESIDENTIAL,GOLD,NAVY_MERCHANT,1256,4,AVAILABLE,424
FM01,D,D7878,7,RESIDENTIAL,SILVER,,878,3,AVAILABLE,
FM01,E,A703,7,RESIDENTIAL,GOLD,WEST_OPEN,1256,4,AVAILABLE,426
FM01,F,F71256,7,RESIDENTIAL,GOLD,PARK,1256,4,AVAILABLE,
FM01,G,B703,7,RESIDENTIAL,SILVER,HIGHWAY,878,3,AVAILABLE,427
FM01,H,H71745,7,RESIDENTIAL,PLATINUM,HIGHWAY,1745,5,AVAILABLE,
FM01,A,C703,7,RESIDENTIAL,GOLD,EAST_OPEN,1256,4,AVAILABLE,428
FM01,C,D703,7,RESIDENTIAL,PLATINUM,,1745,5,AVAILABLE,429
FM01,D,E703,7,RESIDENTIAL,SILVER,WEST_OPEN,878,3,AVAILABLE,430
FM01,F,F703,7,RESIDENTIAL,GOLD,,1256,4,AVAILABLE,431
FM01,H,G703,7,RESIDENTIAL,PLATINUM,PARK,1745,5,AVAILABLE,432
FM01,B,H703,6,RESIDENTIAL,GOLD,EAST_OPEN,1256,4,AVAILABLE,433
FM01,E,B704,7,RESIDENTIAL,GOLD,PARK,1256,4,AVAILABLE,435
FM01,G,C704,7,RESIDENTIAL,SILVER,PARK,878,3,AVAILABLE,436
FM01,A,D704,7,RESIDENTIAL,GOLD,WEST_OPEN,1256,4,AVAILABLE,437
FM01,D,E704,7,RESIDENTIAL,SILVER,EAST_OPEN,878,3,AVAILABLE,438
FM01,F,F704,7,RESIDENTIAL,GOLD,EAST_OPEN,1256,4,AVAILABLE,439
FM01,A,A708,7,RESIDENTIAL,GOLD,WEST_OPEN,1256,4,AVAILABLE,464
FM01,D,B708,7,RESIDENTIAL,SILVER,,878,3,AVAILABLE,465
FM01,F,D708,7,RESIDENTIAL,GOLD,EAST_OPEN,1256,4,AVAILABLE,466
FM01,D,E708,7,RESIDENTIAL,SILVER,WEST_OPEN,878,3,AVAILABLE,467
FM01,D,F708,7,RESIDENTIAL,SILVER,WEST_OPEN,878,3,AVAILABLE,468
FM01,D,G708,7,RESIDENTIAL,SILVER,WEST_OPEN,878,3,AVAILABLE,469
FM01,D,D709,7,RESIDENTIAL,SILVER,WEST_OPEN,878,3,AVAILABLE,470
FM01,A,G709,8,RESIDENTIAL,GOLD,WEST_OPEN,1256,4,AVAILABLE,471
FM01,B,B81256,8,RESIDENTIAL,GOLD,NAVY_MERCHANT,1256,4,AVAILABLE,
FM01,C,D710,8,RESIDENTIAL,PLATINUM,NAVY_MERCHANT,1745,5,AVAILABLE,472
FM01,D,D8878,8,RESIDENTIAL,SILVER,EAST_OPEN,878,3,AVAILABLE,
FM01,E,G710,8,RESIDENTIAL,GOLD,EAST_OPEN,1256,4,AVAILABLE,473
FM01,F,F81256,8,RESIDENTIAL,GOLD,HIGHWAY,1256,4,AVAILABLE,
FM01,G,D711,8,RESIDENTIAL,SILVER,HIGHWAY,878,3,AVAILABLE,474
FM01,H,H81745,8,RESIDENTIAL,PLATINUM,PARK,1745,5,AVAILABLE,
FM01,A,G711,8,RESIDENTIAL,GOLD,WEST_OPEN,1256,4,AVAILABLE,475
FM01,C,D712,8,RESIDENTIAL,PLATINUM,NAVY_MERCHANT,1745,5,AVAILABLE,476
FM01,E,G712,8,RESIDENTIAL,GOLD,EAST_OPEN,1256,4,AVAILABLE,477
FM01,G,A801,8,RESIDENTIAL,SILVER,HIGHWAY,878,3,AVAILABLE,478
FM01,A,B801,8,RESIDENTIAL,GOLD,WEST_OPEN,1256,4,AVAILABLE,479
FM01,C,C801,8,RESIDENTIAL,PLATINUM,NAVY_MERCHANT,1745,5,AVAILABLE,480
FM01,E,D801,8,RESIDENTIAL,GOLD,EAST_OPEN,1256,4,AVAILABLE,481
FM01,G,E801,8,RESIDENTIAL,SILVER,HIGHWAY,878,3,AVAILABLE,482
FM01,A,F801,8,RESIDENTIAL,GOLD,WEST_OPEN,1256,4,AVAILABLE,483
FM01,C,G801,8,RESIDENTIAL,PLATINUM,NAVY_MERCHANT,1745,5,AVAILABLE,484
FM01,D,H801,8,RESIDENTIAL,SILVER,,878,3,AVAILABLE,485
FM01,E,E81256,8,RESIDENTIAL,GOLD,WEST_OPEN,1256,4,AVAILABLE,
FM01,F,A802,8,RESIDENTIAL,GOLD,PARK,1256,4,AVAILABLE,486
FM01,G,G8878,8,RESIDENTIAL,SILVER,HIGHWAY,878,3,AVAILABLE,
FM01,H,B802,8,RESIDENTIAL,PLATINUM,HIGHWAY,1745,5,AVAILABLE,487
FM01,A,A81256,8,RESIDENTIAL,GOLD,EAST_OPEN,1256,4,AVAILABLE,
FM01,B,C802,8,RESIDENTIAL,GOLD,PARK,1256,4,AVAILABLE,488
FM01,C,C81745,8,RESIDENTIAL,PLATINUM,,1745,5,AVAILABLE,
FM01,E,E802,8,RESIDENTIAL,GOLD,PARK,1256,4,AVAILABLE,490
FM01,G,G805,8,RESIDENTIAL,SILVER,EAST_OPEN,878,3,AVAILABLE,516
FM01,C,A806,8,RESIDENTIAL,GOLD,WEST_OPEN,1745,5,AVAILABLE,518
FM01,F,C806,8,RESIDENTIAL,GOLD,PARK,1256,4,AVAILABLE,520
FM01,H,D806,8,RESIDENTIAL,SILVER,EAST_OPEN,1745,5,AVAILABLE,521
FM01,B,E806,8,RESIDENTIAL,GOLD,PARK,1256,4,AVAILABLE,522
FM01,E,F806,8,RESIDENTIAL,SILVER,,1256,4,AVAILABLE,523
FM01,G,G806,8,RESIDENTIAL,GOLD,WEST_OPEN,878,3,AVAILABLE,524
FM01,B,H806,8,RESIDENTIAL,GOLD,EAST_OPEN,1256,4,AVAILABLE,525
FM01,E,A807,8,RESIDENTIAL,SILVER,WEST_OPEN,1256,4,AVAILABLE,526
FM01,G,B807,8,RESIDENTIAL,GOLD,PARK,878,3,AVAILABLE,527
FM01,G,D807,8,RESIDENTIAL,SILVER,EAST_OPEN,878,3,AVAILABLE,528
FM01,G,E807,8,RESIDENTIAL,SILVER,WEST_OPEN,878,3,AVAILABLE,529
FM01,G,F807,8,RESIDENTIAL,SILVER,WEST_OPEN,878,3,AVAILABLE,530
FM01,G,G807,8,RESIDENTIAL,SILVER,WEST_OPEN,878,3,AVAILABLE,531
FM01,A,A91256,9,RESIDENTIAL,SILVER,WEST_OPEN,1256,4,AVAILABLE,
FM01,B,A808,9,RESIDENTIAL,GOLD,WEST_OPEN,1256,4,AVAILABLE,532
FM01,C,C91745,9,RESIDENTIAL,GOLD,WEST_OPEN,1745,5,AVAILABLE,
FM01,D,B808,9,RESIDENTIAL,PLATINUM,WEST_OPEN,878,3,AVAILABLE,533
FM01,E,E91256,9,RESIDENTIAL,SILVER,NAVY_MERCHANT,1256,4,AVAILABLE,
FM01,F,D808,9,RESIDENTIAL,GOLD,NAVY_MERCHANT,1256,4,AVAILABLE,534
FM01,G,G9878,9,RESIDENTIAL,GOLD,EAST_OPEN,878,3,AVAILABLE,
FM01,H,E808,9,RESIDENTIAL,SILVER,EAST_OPEN,1745,5,AVAILABLE,535
FM01,B,F808,9,RESIDENTIAL,GOLD,HIGHWAY,1256,4,AVAILABLE,536
FM01,D,G808,9,RESIDENTIAL,PLATINUM,WEST_OPEN,878,3,AVAILABLE,537
FM01,F,D809,9,RESIDENTIAL,GOLD,NAVY_MERCHANT,1256,4,AVAILABLE,538
FM01,H,G809,9,RESIDENTIAL,SILVER,EAST_OPEN,1745,5,AVAILABLE,539
FM01,B,D810,9,RESIDENTIAL,GOLD,HIGHWAY,1256,4,AVAILABLE,540
FM01,D,G810,9,RESIDENTIAL,PLATINUM,WEST_OPEN,878,3,AVAILABLE,541
FM01,F,D811,9,RESIDENTIAL,GOLD,NAVY_MERCHANT,1256,4,AVAILABLE,542
FM01,G,G903,9,RESIDENTIAL,SILVER,PARK,878,3,AVAILABLE,568
FM01,H,H91745,9,RESIDENTIAL,PLATINUM,WEST_OPEN,1745,5,AVAILABLE,
FM01,B,B91256,9,RESIDENTIAL,GOLD,NAVY_MERCHANT,1256,4,AVAILABLE,
FM01,C,A904,9,RESIDENTIAL,GOLD,PARK,1745,5,AVAILABLE,570
FM01,F,C904,9,RESIDENTIAL,GOLD,HIGHWAY,1256,4,AVAILABLE,572
FM01,H,D904,9,RESIDENTIAL,SILVER,EAST_OPEN,1745,5,AVAILABLE,573
FM01,B,E904,9,RESIDENTIAL,GOLD,,1256,4,AVAILABLE,574
FM01,E,G904,9,RESIDENTIAL,SILVER,,1256,4,AVAILABLE,576
FM01,F,F91256,9,RESIDENTIAL,GOLD,WEST_OPEN,1256,4,AVAILABLE,
FM01,G,H904,9,RESIDENTIAL,GOLD,PARK,878,3,AVAILABLE,577
FM01,A,A905,9,RESIDENTIAL,PLATINUM,EAST_OPEN,1256,4,AVAILABLE,578
FM01,C,B905,9,RESIDENTIAL,GOLD,PARK,1745,5,AVAILABLE,579
FM01,F,D905,9,RESIDENTIAL,GOLD,PARK,1256,4,AVAILABLE,581
FM01,H,E905,9,RESIDENTIAL,SILVER,WEST_OPEN,1745,5,AVAILABLE,582
FM01,B,F905,9,RESIDENTIAL,GOLD,EAST_OPEN,1256,4,AVAILABLE,583
FM01,D,D9878,9,RESIDENTIAL,GOLD,EAST_OPEN,878,3,AVAILABLE,
FM01,E,G905,9,RESIDENTIAL,SILVER,EAST_OPEN,1256,4,AVAILABLE,584
FM01,G,H905,9,RESIDENTIAL,GOLD,WEST_OPEN,878,3,AVAILABLE,585
FM01,B,A906,9,RESIDENTIAL,GOLD,PARK,1256,4,AVAILABLE,586
FM01,E,B906,9,RESIDENTIAL,SILVER,EAST_OPEN,1256,4,AVAILABLE,587
FM01,G,C906,9,RESIDENTIAL,GOLD,WEST_OPEN,878,3,AVAILABLE,588
FM01,G,D906,9,RESIDENTIAL,SILVER,,878,3,AVAILABLE,589
FM01,G,E906,9,RESIDENTIAL,SILVER,WEST_OPEN,878,3,AVAILABLE,590
FM01,G,F906,9,RESIDENTIAL,SILVER,EAST_OPEN,878,3,AVAILABLE,591
FM01,G,G906,9,RESIDENTIAL,SILVER,WEST_OPEN,878,3,AVAILABLE,592
FM01,A,A101256,10,RESIDENTIAL,SILVER,WEST_OPEN,1256,4,AVAILABLE,
FM01,B,H906,10,RESIDENTIAL,GOLD,WEST_OPEN,1256,4,AVAILABLE,593
FM01,C,C101745,10,RESIDENTIAL,GOLD,WEST_OPEN,1745,5,AVAILABLE,
FM01,D,A907,10,RESIDENTIAL,PLATINUM,WEST_OPEN,878,3,AVAILABLE,594
FM01,E,E101256,10,RESIDENTIAL,SILVER,WEST_OPEN,1256,4,AVAILABLE,
FM01,F,F1001,10,RESIDENTIAL,GOLD,HIGHWAY,1256,4,AVAILABLE,619
FM01,G,G10878,10,RESIDENTIAL,SILVER,PARK,878,3,AVAILABLE,
FM01,H,G1001,10,RESIDENTIAL,PLATINUM,WEST_OPEN,1745,5,AVAILABLE,620
FM01,B,H1001,10,RESIDENTIAL,GOLD,NAVY_MERCHANT,1256,4,AVAILABLE,621
FM01,D,A1002,10,RESIDENTIAL,SILVER,,878,3,AVAILABLE,622
FM01,F,B1002,10,RESIDENTIAL,GOLD,EAST_OPEN,1256,4,AVAILABLE,623
FM01,H,C1002,10,RESIDENTIAL,PLATINUM,HIGHWAY,1745,5,AVAILABLE,624
FM01,B,D1002,10,RESIDENTIAL,GOLD,WEST_OPEN,1256,4,AVAILABLE,625
FM01,D,E1002,10,RESIDENTIAL,SILVER,NAVY_MERCHANT,878,3,AVAILABLE,626
FM01,F,F1002,10,RESIDENTIAL,GOLD,EAST_OPEN,1256,4,AVAILABLE,627
FM01,H,G1002,10,RESIDENTIAL,PLATINUM,HIGHWAY,1745,5,AVAILABLE,628
FM01,B,H1002,10,RESIDENTIAL,GOLD,WEST_OPEN,1256,4,AVAILABLE,629
FM01,D,D10878,10,RESIDENTIAL,SILVER,PARK,878,3,AVAILABLE,
FM01,E,B1003,10,RESIDENTIAL,GOLD,,1256,4,AVAILABLE,631
FM01,F,F101256,10,RESIDENTIAL,GOLD,WEST_OPEN,1256,4,AVAILABLE,
FM01,G,C1003,10,RESIDENTIAL,SILVER,PARK,878,3,AVAILABLE,632
FM01,H,H101745,10,RESIDENTIAL,PLATINUM,HIGHWAY,1745,5,AVAILABLE,
FM01,A,D1003,10,RESIDENTIAL,GOLD,HIGHWAY,1256,4,AVAILABLE,633
FM01,B,B101256,10,RESIDENTIAL,GOLD,EAST_OPEN,1256,4,AVAILABLE,
FM01,C,E1003,10,RESIDENTIAL,PLATINUM,PARK,1745,5,AVAILABLE,634
FM01,D,F1003,10,RESIDENTIAL,SILVER,PARK,878,3,AVAILABLE,635
FM01,F,G1003,10,RESIDENTIAL,GOLD,PARK,1256,4,AVAILABLE,636
FM01,H,H1003,10,RESIDENTIAL,PLATINUM,WEST_OPEN,1745,5,AVAILABLE,637
FM01,B,A1004,10,RESIDENTIAL,GOLD,EAST_OPEN,1256,4,AVAILABLE,638
FM01,E,C1004,10,RESIDENTIAL,GOLD,,1256,4,AVAILABLE,640
FM01,G,D1004,10,RESIDENTIAL,SILVER,WEST_OPEN,878,3,AVAILABLE,641
FM01,A,E1004,10,RESIDENTIAL,GOLD,,1256,4,AVAILABLE,642
FM01,D,F1004,10,RESIDENTIAL,SILVER,PARK,878,3,AVAILABLE,643
FM01,F,G1004,10,RESIDENTIAL,GOLD,EAST_OPEN,1256,4,AVAILABLE,644
FM01,A,H1004,10,RESIDENTIAL,GOLD,PARK,1256,4,AVAILABLE,645
FM01,D,D1008,10,RESIDENTIAL,SILVER,WEST_OPEN,878,3,AVAILABLE,670
FM01,F,E1008,10,RESIDENTIAL,GOLD,EAST_OPEN,1256,4,AVAILABLE,671
FM01,D,F1008,10,RESIDENTIAL,SILVER,WEST_OPEN,878,3,AVAILABLE,672
FM01,D,G1008,10,RESIDENTIAL,SILVER,WEST_OPEN,878,3,AVAILABLE,673
FM01,D,D1009,10,RESIDENTIAL,SILVER,WEST_OPEN,878,3,AVAILABLE,674
FM01,D,G1009,10,RESIDENTIAL,SILVER,WEST_OPEN,878,3,AVAILABLE,675
FM01,A,D1010,11,RESIDENTIAL,GOLD,NAVY_MERCHANT,1256,4,AVAILABLE,676
FM01,B,B111256,11,RESIDENTIAL,GOLD,NAVY_MERCHANT,1256,4,AVAILABLE,
FM01,C,G1010,11,RESIDENTIAL,PLATINUM,EAST_OPEN,1745,5,AVAILABLE,677
FM01,D,D11878,11,RESIDENTIAL,SILVER,EAST_OPEN,878,3,AVAILABLE,
FM01,E,D1011,11,RESIDENTIAL,GOLD,HIGHWAY,1256,4,AVAILABLE,678
FM01,F,F111256,11,RESIDENTIAL,GOLD,HIGHWAY,1256,4,AVAILABLE,
FM01,G,G1011,11,RESIDENTIAL,SILVER,PARK,878,3,AVAILABLE,679
FM01,H,H111745,11,RESIDENTIAL,PLATINUM,WEST_OPEN,1745,5,AVAILABLE,
FM01,A,D1012,11,RESIDENTIAL,GOLD,NAVY_MERCHANT,1256,4,AVAILABLE,680
FM01,C,G1012,11,RESIDENTIAL,PLATINUM,EAST_OPEN,1745,5,AVAILABLE,681
FM01,E,A1101,11,RESIDENTIAL,GOLD,HIGHWAY,1256,4,AVAILABLE,682
FM01,G,B1101,11,RESIDENTIAL,SILVER,PARK,878,3,AVAILABLE,683
FM01,A,C1101,11,RESIDENTIAL,GOLD,NAVY_MERCHANT,1256,4,AVAILABLE,684
FM01,C,D1101,11,RESIDENTIAL,PLATINUM,EAST_OPEN,1745,5,AVAILABLE,685
FM01,E,E1101,11,RESIDENTIAL,GOLD,HIGHWAY,1256,4,AVAILABLE,686
FM01,G,F1101,11,RESIDENTIAL,SILVER,PARK,878,3,AVAILABLE,687
FM01,A,G1101,11,RESIDENTIAL,GOLD,NAVY_MERCHANT,1256,4,AVAILABLE,688
FM01,C,H1101,11,RESIDENTIAL,PLATINUM,PARK,1745,5,AVAILABLE,689
FM01,D,A1102,11,RESIDENTIAL,SILVER,WEST_OPEN,878,3,AVAILABLE,690
FM01,E,E111256,11,RESIDENTIAL,GOLD,PARK,1256,4,AVAILABLE,
FM01,F,B1102,11,RESIDENTIAL,GOLD,HIGHWAY,1256,4,AVAILABLE,691
FM01,G,G11878,11,RESIDENTIAL,SILVER,HIGHWAY,878,3,AVAILABLE,
FM01,H,C1102,11,RESIDENTIAL,PLATINUM,EAST_OPEN,1745,5,AVAILABLE,692
FM01,A,A111256,11,RESIDENTIAL,GOLD,PARK,1256,4,AVAILABLE,
FM01,B,D1102,11,RESIDENTIAL,GOLD,,1256,4,AVAILABLE,693
FM01,C,C111745,11,RESIDENTIAL,PLATINUM,PARK,1745,5,AVAILABLE,
FM01,E,F1102,11,RESIDENTIAL,GOLD,,1256,4,AVAILABLE,695
FM01,G,G1102,11,RESIDENTIAL,SILVER,PARK,878,3,AVAILABLE,696
FM01,A,A1106,11,RESIDENTIAL,GOLD,PARK,1256,4,AVAILABLE,722
FM01,C,B1106,11,RESIDENTIAL,PLATINUM,PARK,1745,5,AVAILABLE,723
FM01,D,C1106,11,RESIDENTIAL,SILVER,WEST_OPEN,878,3,AVAILABLE,724
FM01,F,D1106,11,RESIDENTIAL,GOLD,EAST_OPEN,1256,4,AVAILABLE,725
FM01,H,E1106,11,RESIDENTIAL,PLATINUM,EAST_OPEN,1745,5,AVAILABLE,726
FM01,B,F1106,11,RESIDENTIAL,GOLD,WEST_OPEN,1256,4,AVAILABLE,727
FM01,E,G1106,11,RESIDENTIAL,GOLD,PARK,1256,4,AVAILABLE,728
FM01,G,H1106,11,RESIDENTIAL,SILVER,EAST_OPEN,878,3,AVAILABLE,729
FM01,B,A1107,11,RESIDENTIAL,GOLD,WEST_OPEN,1256,4,AVAILABLE,730
FM01,E,B1107,11,RESIDENTIAL,GOLD,,1256,4,AVAILABLE,731
FM01,G,D1107,11,RESIDENTIAL,SILVER,WEST_OPEN,878,3,AVAILABLE,732
FM01,G,E1107,11,RESIDENTIAL,SILVER,EAST_OPEN,878,3,AVAILABLE,733
FM01,G,F1107,11,RESIDENTIAL,SILVER,WEST_OPEN,878,3,AVAILABLE,734
FM01,G,G1107,11,RESIDENTIAL,SILVER,WEST_OPEN,878,3,AVAILABLE,735
FM01,G,A1108,11,RESIDENTIAL,SILVER,WEST_OPEN,878,3,AVAILABLE,736
FM01,A,A121256,12,RESIDENTIAL,GOLD,WEST_OPEN,1256,4,AVAILABLE,
FM01,B,B1108,12,RESIDENTIAL,GOLD,WEST_OPEN,1256,4,AVAILABLE,737
FM01,C,C121745,12,RESIDENTIAL,PLATINUM,WEST_OPEN,1745,5,AVAILABLE,
FM01,D,D1108,12,RESIDENTIAL,SILVER,NAVY_MERCHANT,878,3,AVAILABLE,738
FM01,E,E121256,12,RESIDENTIAL,GOLD,NAVY_MERCHANT,1256,4,AVAILABLE,
FM01,F,E1108,12,RESIDENTIAL,GOLD,EAST_OPEN,1256,4,AVAILABLE,739
FM01,G,G12878,12,RESIDENTIAL,SILVER,EAST_OPEN,878,3,AVAILABLE,
FM01,H,F1108,12,RESIDENTIAL,PLATINUM,HIGHWAY,1745,5,AVAILABLE,740
FM01,B,G1108,12,RESIDENTIAL,GOLD,PARK,1256,4,AVAILABLE,741
FM01,D,D1109,12,RESIDENTIAL,SILVER,NAVY_MERCHANT,878,3,AVAILABLE,742
FM01,F,G1109,12,RESIDENTIAL,GOLD,EAST_OPEN,1256,4,AVAILABLE,743
FM01,H,D1110,12,RESIDENTIAL,PLATINUM,HIGHWAY,1745,5,AVAILABLE,744
FM01,B,G1110,12,RESIDENTIAL,GOLD,PARK,1256,4,AVAILABLE,745
FM01,D,D1111,12,RESIDENTIAL,SILVER,NAVY_MERCHANT,878,3,AVAILABLE,746
FM01,F,G1111,12,RESIDENTIAL,GOLD,EAST_OPEN,1256,4,AVAILABLE,747
FM01,H,D1112,12,RESIDENTIAL,PLATINUM,HIGHWAY,1745,5,AVAILABLE,748
FM01,A,A1204,12,RESIDENTIAL,GOLD,NAVY_MERCHANT,1256,4,AVAILABLE,774
FM01,B,B121256,12,RESIDENTIAL,GOLD,NAVY_MERCHANT,1256,4,AVAILABLE,
FM01,C,B1204,12,RESIDENTIAL,PLATINUM,PARK,1745,5,AVAILABLE,775
FM01,D,C1204,12,RESIDENTIAL,SILVER,WEST_OPEN,878,3,AVAILABLE,776
FM01,F,D1204,12,RESIDENTIAL,GOLD,HIGHWAY,1256,4,AVAILABLE,777
FM01,H,E1204,12,RESIDENTIAL,PLATINUM,EAST_OPEN,1745,5,AVAILABLE,778
FM01,B,F1204,12,RESIDENTIAL,GOLD,,1256,4,AVAILABLE,779
FM01,D,D12878,12,RESIDENTIAL,SILVER,PARK,878,3,AVAILABLE,
FM01,E,H1204,12,RESIDENTIAL,GOLD,,1256,4,AVAILABLE,781
FM01,F,F121256,12,RESIDENTIAL,GOLD,WEST_OPEN,1256,4,AVAILABLE,
FM01,G,A1205,12,RESIDENTIAL,SILVER,PARK,878,3,AVAILABLE,782
FM01,H,H121745,12,RESIDENTIAL,PLATINUM,EAST_OPEN,1745,5,AVAILABLE,
FM01,A,B1205,12,RESIDENTIAL,GOLD,EAST_OPEN,1256,4,AVAILABLE,783
FM01,C,C1205,12,RESIDENTIAL,PLATINUM,PARK,1745,5,AVAILABLE,784
FM01,D,D1205,12,RESIDENTIAL,SILVER,PARK,878,3,AVAILABLE,785
FM01,F,E1205,12,RESIDENTIAL,GOLD,PARK,1256,4,AVAILABLE,786
FM01,H,F1205,12,RESIDENTIAL,PLATINUM,WEST_OPEN,1745,5,AVAILABLE,787
FM01,B,G1205,12,RESIDENTIAL,GOLD,EAST_OPEN,1256,4,AVAILABLE,788
FM01,E,H1205,12,RESIDENTIAL,GOLD,EAST_OPEN,1256,4,AVAILABLE,789
FM01,G,A1206,12,RESIDENTIAL,SILVER,WEST_OPEN,878,3,AVAILABLE,790
FM01,B,B1206,12,RESIDENTIAL,GOLD,PARK,1256,4,AVAILABLE,791
FM01,E,C1206,12,RESIDENTIAL,GOLD,EAST_OPEN,1256,4,AVAILABLE,792
FM01,G,D1206,12,RESIDENTIAL,SILVER,WEST_OPEN,878,3,AVAILABLE,793
FM01,G,E1206,12,RESIDENTIAL,SILVER,,878,3,AVAILABLE,794
FM01,G,F1206,12,RESIDENTIAL,SILVER,WEST_OPEN,878,3,AVAILABLE,795
FM01,G,G1206,12,RESIDENTIAL,SILVER,EAST_OPEN,878,3,AVAILABLE,796
FM01,G,H1206,12,RESIDENTIAL,SILVER,WEST_OPEN,878,3,AVAILABLE,797
FM01,C,C131745,13,RESIDENTIAL,PLATINUM,WEST_OPEN,1745,5,AVAILABLE,
FM01,D,A1207,13,RESIDENTIAL,SILVER,WEST_OPEN,878,3,AVAILABLE,798
FM01,E,E131256,13,RESIDENTIAL,GOLD,WEST_OPEN,1256,4,AVAILABLE,
FM01,F,B1207,13,RESIDENTIAL,GOLD,WEST_OPEN,1256,4,AVAILABLE,799
FM01,G,G13878,13,RESIDENTIAL,SILVER,WEST_OPEN,878,3,AVAILABLE,
FM01,C,D1207,13,RESIDENTIAL,PLATINUM,WEST_OPEN,1745,5,AVAILABLE,800
FM01,D,D1302,13,RESIDENTIAL,SILVER,EAST_OPEN,878,3,AVAILABLE,825
FM01,F,E1302,13,RESIDENTIAL,GOLD,HIGHWAY,1256,4,AVAILABLE,826
FM01,C,F1302,13,RESIDENTIAL,PLATINUM,PARK,1745,5,AVAILABLE,827
FM01,D,G1302,13,RESIDENTIAL,SILVER,EAST_OPEN,878,3,AVAILABLE,828
FM01,F,H1302,13,RESIDENTIAL,GOLD,HIGHWAY,1256,4,AVAILABLE,829
FM01,C,C1303,13,RESIDENTIAL,PLATINUM,PARK,1745,5,AVAILABLE,830
FM01,D,D13878,13,RESIDENTIAL,SILVER,,878,3,AVAILABLE,
FM01,E,E1303,13,RESIDENTIAL,GOLD,WEST_OPEN,1256,4,AVAILABLE,832
FM01,F,F131256,13,RESIDENTIAL,GOLD,PARK,1256,4,AVAILABLE,
FM01,G,F1303,13,RESIDENTIAL,SILVER,HIGHWAY,878,3,AVAILABLE,833
FM01,C,G1303,13,RESIDENTIAL,PLATINUM,EAST_OPEN,1745,5,AVAILABLE,834
FM01,D,H1303,13,RESIDENTIAL,SILVER,PARK,878,3,AVAILABLE,835
FM01,F,C1304,13,RESIDENTIAL,GOLD,WEST_OPEN,1256,4,AVAILABLE,836
FM01,C,D1304,13,RESIDENTIAL,PLATINUM,EAST_OPEN,1745,5,AVAILABLE,837
FM01,E,F1304,13,RESIDENTIAL,GOLD,PARK,1256,4,AVAILABLE,839
FM01,G,G1304,13,RESIDENTIAL,SILVER,WEST_OPEN,878,3,AVAILABLE,840
FM01,D,H1304,13,RESIDENTIAL,SILVER,EAST_OPEN,878,3,AVAILABLE,841
FM01,F,C1305,13,RESIDENTIAL,GOLD,EAST_OPEN,1256,4,AVAILABLE,842
FM01,D,D1305,13,RESIDENTIAL,SILVER,WEST_OPEN,878,3,AVAILABLE,843
FM01,F,E1305,13,RESIDENTIAL,GOLD,EAST_OPEN,1256,4,AVAILABLE,844
FM01,D,F1305,13,RESIDENTIAL,SILVER,WEST_OPEN,878,3,AVAILABLE,845
FM01,D,G1305,13,RESIDENTIAL,SILVER,EAST_OPEN,878,3,AVAILABLE,846
FM01,D,H1305,13,RESIDENTIAL,SILVER,WEST_OPEN,878,3,AVAILABLE,847
FM01,D,C1306,13,RESIDENTIAL,SILVER,WEST_OPEN,878,3,AVAILABLE,848
FM01,D,D1306,14,RESIDENTIAL,SILVER,WEST_OPEN,878,3,AVAILABLE,849
FM01,E,E141256,14,RESIDENTIAL,GOLD,WEST_OPEN,1256,4,AVAILABLE,
FM01,F,E1306,14,RESIDENTIAL,GOLD,WEST_OPEN,1256,4,AVAILABLE,850
FM01,G,G14878,14,RESIDENTIAL,SILVER,WEST_OPEN,878,3,AVAILABLE,
FM01,D,F1306,14,RESIDENTIAL,SILVER,EAST_OPEN,878,3,AVAILABLE,851
FM01,F,F1402,14,RESIDENTIAL,GOLD,HIGHWAY,1256,4,AVAILABLE,876
FM01,D,G1402,14,RESIDENTIAL,SILVER,EAST_OPEN,878,3,AVAILABLE,877
FM01,F,D1403,14,RESIDENTIAL,GOLD,HIGHWAY,1256,4,AVAILABLE,878
FM01,D,E1403,14,RESIDENTIAL,SILVER,,878,3,AVAILABLE,879
FM01,F,F1403,14,RESIDENTIAL,GOLD,PARK,1256,4,AVAILABLE,880
FM01,D,G1403,14,RESIDENTIAL,SILVER,HIGHWAY,878,3,AVAILABLE,881
FM01,F,D1404,14,RESIDENTIAL,GOLD,PARK,1256,4,AVAILABLE,882
FM01,D,E1404,14,RESIDENTIAL,SILVER,EAST_OPEN,878,3,AVAILABLE,883
FM01,F,F1404,14,RESIDENTIAL,GOLD,PARK,1256,4,AVAILABLE,884
FM01,D,G1404,14,RESIDENTIAL,SILVER,EAST_OPEN,878,3,AVAILABLE,885
FM01,F,D1405,14,RESIDENTIAL,GOLD,WEST_OPEN,1256,4,AVAILABLE,886
FM01,D,E1405,14,RESIDENTIAL,SILVER,EAST_OPEN,878,3,AVAILABLE,887
FM01,F,F1405,14,RESIDENTIAL,GOLD,WEST_OPEN,1256,4,AVAILABLE,888
FM01,D,G1405,14,RESIDENTIAL,SILVER,EAST_OPEN,878,3,AVAILABLE,889
FM01,D,D1406,14,RESIDENTIAL,SILVER,WEST_OPEN,878,3,AVAILABLE,890
FM01,D,E1406,14,RESIDENTIAL,SILVER,WEST_OPEN,878,3,AVAILABLE,891
FM01,D,F1406,14,RESIDENTIAL,SILVER,WEST_OPEN,878,3,AVAILABLE,892
FM01,D,G1406,15,RESIDENTIAL,SILVER,WEST_OPEN,878,3,AVAILABLE,893
FM01,E,E151256,15,RESIDENTIAL,GOLD,WEST_OPEN,1256,4,AVAILABLE,
FM01,F,D1407,15,RESIDENTIAL,GOLD,EAST_OPEN,1256,4,AVAILABLE,894
FM01,G,G15878,15,RESIDENTIAL,SILVER,HIGHWAY,878,3,AVAILABLE,
FM01,D,E1407,15,RESIDENTIAL,SILVER,HIGHWAY,878,3,AVAILABLE,895
FM01,F,F1407,15,RESIDENTIAL,GOLD,EAST_OPEN,1256,4,AVAILABLE,896
FM01,D,G1407,15,RESIDENTIAL,SILVER,HIGHWAY,878,3,AVAILABLE,897
FM01,F,D1408,15,RESIDENTIAL,GOLD,EAST_OPEN,1256,4,AVAILABLE,898
FM01,D,E1408,15,RESIDENTIAL,SILVER,HIGHWAY,878,3,AVAILABLE,899
FM01,F,F1408,15,RESIDENTIAL,GOLD,PARK,1256,4,AVAILABLE,900
FM01,D,G1408,15,RESIDENTIAL,SILVER,HIGHWAY,878,3,AVAILABLE,901
FM01,F,D1409,15,RESIDENTIAL,GOLD,PARK,1256,4,AVAILABLE,902
FM01,G,G1505,15,RESIDENTIAL,SILVER,EAST_OPEN,878,3,AVAILABLE,929
FM01,D,D15878,15,RESIDENTIAL,SILVER,PARK,878,3,AVAILABLE,
FM01,E,D1506,15,RESIDENTIAL,GOLD,EAST_OPEN,1256,4,AVAILABLE,930
FM01,F,F151256,15,RESIDENTIAL,GOLD,EAST_OPEN,1256,4,AVAILABLE,
FM01,G,E1506,15,RESIDENTIAL,SILVER,EAST_OPEN,878,3,AVAILABLE,931
FM01,E,F1506,15,RESIDENTIAL,GOLD,EAST_OPEN,1256,4,AVAILABLE,932
FM01,G,G1506,15,RESIDENTIAL,SILVER,WEST_OPEN,878,3,AVAILABLE,933
FM01,E,D1507,15,RESIDENTIAL,GOLD,EAST_OPEN,1256,4,AVAILABLE,934
FM01,G,E1507,15,RESIDENTIAL,SILVER,WEST_OPEN,878,3,AVAILABLE,935
FM01,G,F1507,15,RESIDENTIAL,SILVER,WEST_OPEN,878,3,AVAILABLE,936
FM01,G,G1507,15,RESIDENTIAL,SILVER,WEST_OPEN,878,3,AVAILABLE,937
FM01,G,D1508,15,RESIDENTIAL,SILVER,WEST_OPEN,878,3,AVAILABLE,938
FM01,G,E1508,15,RESIDENTIAL,SILVER,WEST_OPEN,878,3,AVAILABLE,939
FM01,D,D16878,16,RESIDENTIAL,SILVER,EAST_OPEN,878,3,AVAILABLE,
FM01,E,F1508,16,RESIDENTIAL,GOLD,HIGHWAY,1256,4,AVAILABLE,940
FM01,F,F161256,16,RESIDENTIAL,GOLD,HIGHWAY,1256,4,AVAILABLE,
FM01,G,G1508,16,RESIDENTIAL,SILVER,PARK,878,3,AVAILABLE,941
FM01,E,D1509,16,RESIDENTIAL,GOLD,HIGHWAY,1256,4,AVAILABLE,942
FM01,G,G1509,16,RESIDENTIAL,SILVER,PARK,878,3,AVAILABLE,943
FM01,E,D1510,16,RESIDENTIAL,GOLD,HIGHWAY,1256,4,AVAILABLE,944
FM01,G,G1510,16,RESIDENTIAL,SILVER,PARK,878,3,AVAILABLE,945
FM01,E,D1511,16,RESIDENTIAL,GOLD,HIGHWAY,1256,4,AVAILABLE,946
FM01,G,G1511,16,RESIDENTIAL,SILVER,EAST_OPEN,878,3,AVAILABLE,947
FM01,E,D1512,16,RESIDENTIAL,GOLD,EAST_OPEN,1256,4,AVAILABLE,948
FM01,G,G1512,16,RESIDENTIAL,SILVER,EAST_OPEN,878,3,AVAILABLE,949
FM01,E,D1601,16,RESIDENTIAL,GOLD,EAST_OPEN,1256,4,AVAILABLE,950
FM01,G,E1601,16,RESIDENTIAL,SILVER,EAST_OPEN,878,3,AVAILABLE,951
FM01,E,F1601,16,RESIDENTIAL,GOLD,EAST_OPEN,1256,4,AVAILABLE,952
FM01,G,G1601,16,RESIDENTIAL,SILVER,WEST_OPEN,878,3,AVAILABLE,953
FM01,E,D1602,16,RESIDENTIAL,GOLD,EAST_OPEN,1256,4,AVAILABLE,954
FM01,G,E1602,16,RESIDENTIAL,SILVER,WEST_OPEN,878,3,AVAILABLE,955
FM01,D,D1609,16,RESIDENTIAL,SILVER,WEST_OPEN,878,3,AVAILABLE,982
FM01,G,G1609,16,RESIDENTIAL,SILVER,WEST_OPEN,878,3,AVAILABLE,983
FM01,D,D1610,16,RESIDENTIAL,SILVER,WEST_OPEN,878,3,AVAILABLE,984
FM01,G,G1610,16,RESIDENTIAL,SILVER,WEST_OPEN,878,3,AVAILABLE,985
FM01,D,D1611,16,RESIDENTIAL,SILVER,WEST_OPEN,878,3,AVAILABLE,986
FM01,G,G1611,16,RESIDENTIAL,SILVER,WEST_OPEN,878,3,AVAILABLE,987
FM01,D,D1612,16,RESIDENTIAL,SILVER,WEST_OPEN,878,3,AVAILABLE,988
FM01,G,G1612,16,RESIDENTIAL,SILVER,WEST_OPEN,878,3,AVAILABLE,989
FM01,D,D1701,17,RESIDENTIAL,SILVER,EAST_OPEN,878,3,AVAILABLE,990
FM01,E,E1701,17,RESIDENTIAL,GOLD,HIGHWAY,1256,4,AVAILABLE,991
FM01,F,F1701,17,RESIDENTIAL,GOLD,HIGHWAY,1256,4,AVAILABLE,992
FM01,G,G1701,17,RESIDENTIAL,SILVER,PARK,878,3,AVAILABLE,993
FM01,D,D1702,17,RESIDENTIAL,SILVER,EAST_OPEN,878,3,AVAILABLE,994
FM01,E,E1702,17,RESIDENTIAL,GOLD,HIGHWAY,1256,4,AVAILABLE,995
FM01,F,F1702,17,RESIDENTIAL,GOLD,HIGHWAY,1256,4,AVAILABLE,996
FM01,G,G1702,17,RESIDENTIAL,SILVER,PARK,878,3,AVAILABLE,997
FM01,D,D1703,17,RESIDENTIAL,SILVER,EAST_OPEN,878,3,AVAILABLE,998
FM01,E,E1703,17,RESIDENTIAL,GOLD,HIGHWAY,1256,4,AVAILABLE,999
FM01,F,F1703,17,RESIDENTIAL,GOLD,HIGHWAY,1256,4,AVAILABLE,1000
FM01,G,G1703,17,RESIDENTIAL,SILVER,PARK,878,3,AVAILABLE,1001
FM01,D,D1704,17,RESIDENTIAL,SILVER,PARK,878,3,AVAILABLE,1002
FM01,E,E1704,17,RESIDENTIAL,GOLD,HIGHWAY,1256,4,AVAILABLE,1003
FM01,F,F1704,17,RESIDENTIAL,GOLD,HIGHWAY,1256,4,AVAILABLE,1004
FM01,G,G1704,17,RESIDENTIAL,SILVER,EAST_OPEN,878,3,AVAILABLE,1005
FM01,D,D1705,17,RESIDENTIAL,SILVER,PARK,878,3,AVAILABLE,1006
FM01,E,E1705,17,RESIDENTIAL,GOLD,EAST_OPEN,1256,4,AVAILABLE,1007
FM01,F,F1705,17,RESIDENTIAL,GOLD,EAST_OPEN,1256,4,AVAILABLE,1008
FM01,G,G1705,17,RESIDENTIAL,SILVER,EAST_OPEN,878,3,AVAILABLE,1009
FM01,D,D1706,17,RESIDENTIAL,SILVER,PARK,878,3,AVAILABLE,1010
FM01,E,E1706,17,RESIDENTIAL,GOLD,EAST_OPEN,1256,4,AVAILABLE,1011
FM01,F,F1706,17,RESIDENTIAL,GOLD,EAST_OPEN,1256,4,AVAILABLE,1012
FM01,G,G1706,17,RESIDENTIAL,SILVER,EAST_OPEN,878,3,AVAILABLE,1013
FM01,D,D1707,17,RESIDENTIAL,SILVER,WEST_OPEN,878,3,AVAILABLE,1014
FM01,E,E1707,17,RESIDENTIAL,GOLD,EAST_OPEN,1256,4,AVAILABLE,1015
FM01,F,F1707,17,RESIDENTIAL,GOLD,EAST_OPEN,1256,4,AVAILABLE,1016
FM01,G,G1707,17,RESIDENTIAL,SILVER,WEST_OPEN,878,3,AVAILABLE,1017
FM01,D,D1708,17,RESIDENTIAL,SILVER,WEST_OPEN,878,3,AVAILABLE,1018
FM01,E,E1708,17,RESIDENTIAL,GOLD,EAST_OPEN,1256,4,AVAILABLE,1019
FM01,F,F1708,17,RESIDENTIAL,GOLD,EAST_OPEN,1256,4,AVAILABLE,1020
FM01,G,G1708,17,RESIDENTIAL,SILVER,WEST_OPEN,878,3,AVAILABLE,1021
FM01,D,D1709,17,RESIDENTIAL,SILVER,WEST_OPEN,878,3,AVAILABLE,1022
FM01,G,G1709,17,RESIDENTIAL,SILVER,WEST_OPEN,878,3,AVAILABLE,1023
FM01,D,D1710,17,RESIDENTIAL,SILVER,WEST_OPEN,878,3,AVAILABLE,1024
FM01,G,G1710,17,RESIDENTIAL,SILVER,WEST_OPEN,878,3,AVAILABLE,1025
FM01,D,D1711,17,RESIDENTIAL,SILVER,WEST_OPEN,878,3,AVAILABLE,1026
FM01,G,G1711,17,RESIDENTIAL,SILVER,WEST_OPEN,878,3,AVAILABLE,1027
FM01,D,D1712,17,RESIDENTIAL,SILVER,WEST_OPEN,878,3,AVAILABLE,1028
FM01,G,G1712,17,RESIDENTIAL,SILVER,WEST_OPEN,878,3,AVAILABLE,1029
FM01,D,D1801,18,RESIDENTIAL,SILVER,EAST_OPEN,878,3,AVAILABLE,1030
FM01,E,E1801,18,RESIDENTIAL,GOLD,HIGHWAY,1256,4,AVAILABLE,1031
FM01,F,F1801,18,RESIDENTIAL,GOLD,HIGHWAY,1256,4,AVAILABLE,1032
FM01,G,G1801,18,RESIDENTIAL,SILVER,PARK,878,3,AVAILABLE,1033
FM01,D,D1802,18,RESIDENTIAL,SILVER,EAST_OPEN,878,3,AVAILABLE,1034
FM01,E,E1802,18,RESIDENTIAL,GOLD,HIGHWAY,1256,4,AVAILABLE,1035
FM01,F,F1802,18,RESIDENTIAL,GOLD,HIGHWAY,1256,4,AVAILABLE,1036
FM01,G,G1802,18,RESIDENTIAL,SILVER,,878,3,AVAILABLE,1037
FM01,D,D1803,18,RESIDENTIAL,SILVER,PARK,878,3,AVAILABLE,1038
FM01,E,E1803,18,RESIDENTIAL,GOLD,EAST_OPEN,1256,4,AVAILABLE,1039
FM01,F,F1803,18,RESIDENTIAL,GOLD,HIGHWAY,1256,4,AVAILABLE,1040
FM01,G,G1803,18,RESIDENTIAL,SILVER,HIGHWAY,878,3,AVAILABLE,1041
FM01,D,D1804,18,RESIDENTIAL,SILVER,PARK,878,3,AVAILABLE,1042
FM01,E,E1804,18,RESIDENTIAL,GOLD,PARK,1256,4,AVAILABLE,1043
FM01,F,F1804,18,RESIDENTIAL,GOLD,HIGHWAY,1256,4,AVAILABLE,1044
FM01,G,G1804,18,RESIDENTIAL,SILVER,HIGHWAY,878,3,AVAILABLE,1045
FM01,D,D1805,18,RESIDENTIAL,SILVER,EAST_OPEN,878,3,AVAILABLE,1046
FM01,E,E1805,18,RESIDENTIAL,GOLD,PARK,1256,4,AVAILABLE,1047
FM01,F,F1805,18,RESIDENTIAL,GOLD,EAST_OPEN,1256,4,AVAILABLE,1048
FM01,G,G1805,18,RESIDENTIAL,SILVER,EAST_OPEN,878,3,AVAILABLE,1049
FM01,D,D1806,18,RESIDENTIAL,SILVER,EAST_OPEN,878,3,AVAILABLE,1050
FM01,E,E1806,18,RESIDENTIAL,GOLD,PARK,1256,4,AVAILABLE,1051
FM01,F,F1806,18,RESIDENTIAL,GOLD,EAST_OPEN,1256,4,AVAILABLE,1052
FM01,G,G1806,18,RESIDENTIAL,SILVER,EAST_OPEN,878,3,AVAILABLE,1053
FM01,D,D1807,18,RESIDENTIAL,SILVER,EAST_OPEN,878,3,AVAILABLE,1054
FM01,E,E1807,18,RESIDENTIAL,GOLD,WEST_OPEN,1256,4,AVAILABLE,1055
FM01,F,F1807,18,RESIDENTIAL,GOLD,EAST_OPEN,1256,4,AVAILABLE,1056
FM01,G,G1807,18,RESIDENTIAL,SILVER,EAST_OPEN,878,3,AVAILABLE,1057
FM01,D,D1808,18,RESIDENTIAL,SILVER,WEST_OPEN,878,3,AVAILABLE,1058
FM01,E,E1808,18,RESIDENTIAL,GOLD,WEST_OPEN,1256,4,AVAILABLE,1059
FM01,F,F1808,18,RESIDENTIAL,GOLD,EAST_OPEN,1256,4,AVAILABLE,1060
FM01,G,G1808,18,RESIDENTIAL,SILVER,EAST_OPEN,878,3,AVAILABLE,1061
FM01,D,D1809,18,RESIDENTIAL,SILVER,WEST_OPEN,878,3,AVAILABLE,1062
FM01,G,G1809,18,RESIDENTIAL,SILVER,WEST_OPEN,878,3,AVAILABLE,1063
FM01,D,D1810,18,RESIDENTIAL,SILVER,WEST_OPEN,878,3,AVAILABLE,1064
FM01,G,G1810,18,RESIDENTIAL,SILVER,WEST_OPEN,878,3,AVAILABLE,1065
FM01,D,D1811,18,RESIDENTIAL,SILVER,WEST_OPEN,878,3,AVAILABLE,1066
FM01,G,G1811,18,RESIDENTIAL,SILVER,WEST_OPEN,878,3,AVAILABLE,1067
FM01,D,D1812,18,RESIDENTIAL,SILVER,WEST_OPEN,878,3,AVAILABLE,1068
FM01,G,G1812,18,RESIDENTIAL,SILVER,WEST_OPEN,878,3,AVAILABLE,1069
FM01,D,D1901,19,PENTHOUSE,SILVER,WEST_OPEN,878,3,AVAILABLE,1070
FM01,E,E1901,19,RESIDENTIAL,GOLD,EAST_OPEN,1256,4,AVAILABLE,1071
FM01,F,F1901,19,RESIDENTIAL,GOLD,HIGHWAY,1256,4,AVAILABLE,1072
FM01,G,G1901,19,PENTHOUSE,SILVER,HIGHWAY,878,3,AVAILABLE,1073
FM01,D,D1902,19,PENTHOUSE,SILVER,PARK,878,3,AVAILABLE,1074
FM01,E,E1902,19,RESIDENTIAL,GOLD,EAST_OPEN,1256,4,AVAILABLE,1075
FM01,F,F1902,19,RESIDENTIAL,GOLD,HIGHWAY,1256,4,AVAILABLE,1076
FM01,G,G1902,19,PENTHOUSE,SILVER,HIGHWAY,878,3,AVAILABLE,1077
FM01,D,D1903,19,PENTHOUSE,SILVER,PARK,878,3,AVAILABLE,1078
FM01,E,E1903,19,RESIDENTIAL,GOLD,EAST_OPEN,1256,4,AVAILABLE,1079
FM01,F,F1903,19,RESIDENTIAL,GOLD,HIGHWAY,1256,4,AVAILABLE,1080
FM01,G,G1903,19,PENTHOUSE,SILVER,HIGHWAY,878,3,AVAILABLE,1081
FM01,D,D1904,19,PENTHOUSE,SILVER,EAST_OPEN,878,3,AVAILABLE,1082
FM01,E,E1904,19,RESIDENTIAL,GOLD,PARK,1256,4,AVAILABLE,1083
FM01,F,F1904,19,RESIDENTIAL,GOLD,HIGHWAY,1256,4,AVAILABLE,1084
FM01,G,G1904,19,PENTHOUSE,SILVER,HIGHWAY,878,3,AVAILABLE,1085
FM01,D,D1905,19,PENTHOUSE,SILVER,EAST_OPEN,878,3,AVAILABLE,1086
FM01,E,E1905,19,RESIDENTIAL,GOLD,WEST_OPEN,1256,4,AVAILABLE,1087
FM01,F,F1905,19,RESIDENTIAL,GOLD,EAST_OPEN,1256,4,AVAILABLE,1088
FM01,G,G1905,19,PENTHOUSE,SILVER,WEST_OPEN,878,3,AVAILABLE,1089
FM01,D,D1906,19,PENTHOUSE,SILVER,WEST_OPEN,878,3,AVAILABLE,1090
FM01,E,E1906,19,RESIDENTIAL,GOLD,EAST_OPEN,1256,4,AVAILABLE,1091
FM01,F,F1906,19,RESIDENTIAL,GOLD,EAST_OPEN,1256,4,AVAILABLE,1092
FM01,G,G1906,19,PENTHOUSE,SILVER,WEST_OPEN,878,3,AVAILABLE,1093
FM01,D,D1907,19,PENTHOUSE,SILVER,WEST_OPEN,878,3,AVAILABLE,1094
FM01,E,E1907,19,RESIDENTIAL,GOLD,EAST_OPEN,1256,4,AVAILABLE,1095
FM01,F,F1907,19,RESIDENTIAL,GOLD,EAST_OPEN,1256,4,AVAILABLE,1096
FM01,G,G1907,19,PENTHOUSE,SILVER,WEST_OPEN,878,3,AVAILABLE,1097
FM01,D,D1908,19,PENTHOUSE,SILVER,WEST_OPEN,878,3,AVAILABLE,1098
FM01,E,E1908,19,RESIDENTIAL,GOLD,EAST_OPEN,1256,4,AVAILABLE,1099
FM01,F,F1908,19,RESIDENTIAL,GOLD,EAST_OPEN,1256,4,AVAILABLE,1100
FM01,G,G1908,19,PENTHOUSE,SILVER,WEST_OPEN,878,3,AVAILABLE,1101
FM01,D,D2001,20,PENTHOUSE,SILVER,EAST_OPEN,878,3,AVAILABLE,1102
FM01,E,E2001,20,PENTHOUSE,GOLD,HIGHWAY,1256,4,AVAILABLE,1103
FM01,F,F2001,20,PENTHOUSE,GOLD,HIGHWAY,1256,4,AVAILABLE,1104
FM01,G,G2001,20,PENTHOUSE,SILVER,PARK,878,3,AVAILABLE,1105
FM01,D,D2002,20,PENTHOUSE,SILVER,EAST_OPEN,878,3,AVAILABLE,1106
FM01,E,E2002,20,PENTHOUSE,GOLD,HIGHWAY,1256,4,AVAILABLE,1107
FM01,F,F2002,20,PENTHOUSE,GOLD,HIGHWAY,1256,4,AVAILABLE,1108
FM01,G,G2002,20,PENTHOUSE,SILVER,PARK,878,3,AVAILABLE,1109
FM01,D,D2003,20,PENTHOUSE,SILVER,EAST_OPEN,878,3,AVAILABLE,1110
FM01,E,E2003,20,PENTHOUSE,GOLD,HIGHWAY,1256,4,AVAILABLE,1111
FM01,F,F2003,20,PENTHOUSE,GOLD,HIGHWAY,1256,4,AVAILABLE,1112
FM01,G,G2003,20,PENTHOUSE,SILVER,PARK,878,3,AVAILABLE,1113
FM01,D,D2004,20,PENTHOUSE,SILVER,PARK,878,3,AVAILABLE,1114
FM01,E,E2004,20,PENTHOUSE,GOLD,HIGHWAY,1256,4,AVAILABLE,1115
FM01,F,F2004,20,PENTHOUSE,GOLD,HIGHWAY,1256,4,AVAILABLE,1116
FM01,G,G2004,20,PENTHOUSE,SILVER,EAST_OPEN,878,3,AVAILABLE,1117
